{
  "CNN_baseline": {
    "f1_mean": 0.9694951030057414,
    "f1_std": 0.0084357364095639,
    "auc_mean": 0.9946340941741795,
    "auc_std": 0.0015645204630868846,
    "auprc_mean": 0.9948326279098372,
    "auprc_std": 0.0005578108191681803,
    "precision_mean": 0.9722915536263338,
    "precision_std": 0.021220952054362734,
    "recall_mean": 0.9673709363013269,
    "recall_std": 0.01830576028970937,
    "accuracy_mean": 0.9715639810426541,
    "accuracy_std": 0.007739304084622985,
    "params_mean": 453249.0,
    "params_std": 0.0,
    "train_time_s_mean": 276.3722042453398,
    "train_time_s_std": 140.69993035457807,
    "throughput_loci_s_mean": 203.18199378946443,
    "throughput_loci_s_std": 69.16009248069805,
    "size_kb_mean": 1789.0810546875,
    "size_kb_std": 0.0,
    "epochs_run_mean": 13.666666666666666,
    "epochs_run_std": 1.8856180831641267,
    "runs": [
      {
        "seed": 0,
        "params": 453249,
        "train_time_s": 474.91495056299027,
        "throughput_loci_s": 107.72800893567724,
        "size_kb": 1789.0810546875,
        "epochs_run": 15,
        "precision": 0.968421052631579,
        "recall": 0.989247311827957,
        "f1": 0.9787234042553191,
        "auc": 0.9964461454346637,
        "auprc": 0.9952939782131403,
        "accuracy": 0.981042654028436,
        "tn": 115.0,
        "fp": 3.0,
        "fn": 1.0,
        "tp": 92.0
      },
      {
        "seed": 1,
        "params": 453249,
        "train_time_s": 165.68640967505053,
        "throughput_loci_s": 269.37734211388675,
        "size_kb": 1789.0810546875,
        "epochs_run": 11,
        "precision": 1.0,
        "recall": 0.9444444444444444,
        "f1": 0.9714285714285714,
        "auc": 0.992628550880978,
        "auprc": 0.9951561154492821,
        "accuracy": 0.9715639810426541,
        "tn": 103.0,
        "fp": 0.0,
        "fn": 6.0,
        "tp": 102.0
      },
      {
        "seed": 2,
        "params": 453249,
        "train_time_s": 188.5152524979785,
        "throughput_loci_s": 232.44063031882936,
        "size_kb": 1789.0810546875,
        "epochs_run": 15,
        "precision": 0.9484536082474226,
        "recall": 0.968421052631579,
        "f1": 0.9583333333333334,
        "auc": 0.9948275862068965,
        "auprc": 0.9940477900670892,
        "accuracy": 0.9620853080568721,
        "tn": 111.0,
        "fp": 5.0,
        "fn": 3.0,
        "tp": 92.0
      }
    ],
    "throughput_clean_loci_s": 263.1215563517178
  },
  "Efficient_sepconv": {
    "f1_mean": 0.9454304505769873,
    "f1_std": 0.010456335941328403,
    "auc_mean": 0.9906014987275663,
    "auc_std": 0.0013907197731655343,
    "auprc_mean": 0.9882758321121581,
    "auprc_std": 0.003800057716996326,
    "precision_mean": 0.9170799701773152,
    "precision_std": 0.02327999853185133,
    "recall_mean": 0.9762078433838478,
    "recall_std": 0.013331777417120686,
    "accuracy_mean": 0.9478672985781991,
    "accuracy_std": 0.007739304084622985,
    "params_mean": 53793.0,
    "params_std": 0.0,
    "train_time_s_mean": 70.56541639702239,
    "train_time_s_std": 7.587427527438906,
    "throughput_loci_s_mean": 774.2774620535087,
    "throughput_loci_s_std": 21.46673464674834,
    "size_kb_mean": 226.1396484375,
    "size_kb_std": 0.0,
    "epochs_run_mean": 14.0,
    "epochs_run_std": 1.4142135623730951,
    "runs": [
      {
        "seed": 0,
        "params": 53793,
        "train_time_s": 77.35142719198484,
        "throughput_loci_s": 744.0435620887072,
        "size_kb": 226.1396484375,
        "epochs_run": 15,
        "precision": 0.8846153846153846,
        "recall": 0.989247311827957,
        "f1": 0.934010152284264,
        "auc": 0.9893384363039912,
        "auprc": 0.9839545917268769,
        "accuracy": 0.9383886255924171,
        "tn": 106.0,
        "fp": 12.0,
        "fn": 1.0,
        "tp": 92.0
      },
      {
        "seed": 1,
        "params": 53793,
        "train_time_s": 59.9740689790342,
        "throughput_loci_s": 787.0143880277021,
        "size_kb": 226.1396484375,
        "epochs_run": 12,
        "precision": 0.9380530973451328,
        "recall": 0.9814814814814815,
        "f1": 0.9592760180995475,
        "auc": 0.9925386551600144,
        "auprc": 0.9932033673971382,
        "accuracy": 0.957345971563981,
        "tn": 96.0,
        "fp": 7.0,
        "fn": 2.0,
        "tp": 106.0
      },
      {
        "seed": 2,
        "params": 53793,
        "train_time_s": 74.37075302004814,
        "throughput_loci_s": 791.7744360441166,
        "size_kb": 226.1396484375,
        "epochs_run": 15,
        "precision": 0.9285714285714286,
        "recall": 0.9578947368421052,
        "f1": 0.9430051813471503,
        "auc": 0.9899274047186933,
        "auprc": 0.9876695372124591,
        "accuracy": 0.9478672985781991,
        "tn": 109.0,
        "fp": 7.0,
        "fn": 4.0,
        "tp": 91.0
      }
    ],
    "throughput_clean_loci_s": 787.912767504447
  },
  "_throughput_note": "throughput_*_mean is measured inline during the seed loop and is sensitive to concurrent CPU load; throughput_clean_loci_s is an isolated re-measurement on 1024 loci (median of 9 passes, batch=128, CPU) and is the fair architecture comparison."
}