{
  "config": {
    "seeds": [
      0,
      1,
      2
    ],
    "n": 1400,
    "epochs": 10,
    "human": {
      "name": "human",
      "gc": 0.41,
      "repeat_frac": 0.45,
      "coverage": 30.0,
      "insert_mu": 350.0,
      "insert_sigma": 60.0,
      "mapq_mean": 55.0,
      "mapq_repeat": 12.0,
      "seq_error": 0.01
    },
    "crops": {
      "rice": {
        "name": "rice",
        "gc": 0.435,
        "repeat_frac": 0.35,
        "coverage": 22.0,
        "insert_mu": 300.0,
        "insert_sigma": 70.0,
        "mapq_mean": 50.0,
        "mapq_repeat": 11.0,
        "seq_error": 0.012
      },
      "maize": {
        "name": "maize",
        "gc": 0.47,
        "repeat_frac": 0.85,
        "coverage": 18.0,
        "insert_mu": 380.0,
        "insert_sigma": 90.0,
        "mapq_mean": 42.0,
        "mapq_repeat": 8.0,
        "seq_error": 0.013
      }
    },
    "hard_profile": {
      "name": "human_hard",
      "gc": 0.41,
      "repeat_frac": 0.7,
      "coverage": 12.0,
      "insert_mu": 350.0,
      "insert_sigma": 60.0,
      "mapq_mean": 45.0,
      "mapq_repeat": 9.0,
      "seq_error": 0.015
    }
  },
  "exp1_transformer_vs_cnn": {
    "CNN": {
      "precision_mean": 0.9574991261884466,
      "precision_std": 0.012096273824778403,
      "recall_mean": 0.9611043295823002,
      "recall_std": 0.012150026443718953,
      "f1_mean": 0.9591593337568883,
      "f1_std": 0.00381531359769909,
      "auc_mean": 0.9951674176200683,
      "auc_std": 0.0010100267625002283,
      "auprc_mean": 0.9950321269733879,
      "auprc_std": 0.0003723833409691817,
      "accuracy_mean": 0.9605055292259084,
      "accuracy_std": 0.004468289296597451,
      "train_time_s_mean": 111.16666666666667,
      "train_time_s_std": 16.9001643647497,
      "params_mean": 453249.0,
      "params_std": 0.0,
      "epochs_run_mean": 9.0,
      "epochs_run_std": 1.4142135623730951,
      "tp_mean": 97.66666666666667,
      "tp_std": 2.494438257849294,
      "fp_mean": 4.333333333333333,
      "fp_std": 1.247219128924647,
      "fn_mean": 4.0,
      "fn_std": 1.4142135623730951,
      "tn_mean": 105.0,
      "tn_std": 3.265986323710904,
      "runs": [
        {
          "precision": 0.941747572815534,
          "recall": 0.97,
          "f1": 0.9556650246305419,
          "auc": 0.9954954954954955,
          "auprc": 0.9951747593964063,
          "accuracy": 0.957345971563981,
          "tn": 105,
          "fp": 6,
          "fn": 3,
          "tp": 97,
          "train_time_s": 87.3,
          "params": 453249,
          "epochs_run": 7
        },
        {
          "precision": 0.9595959595959596,
          "recall": 0.9693877551020408,
          "f1": 0.9644670050761421,
          "auc": 0.9962073324905183,
          "auprc": 0.9953998392608113,
          "accuracy": 0.966824644549763,
          "tn": 109,
          "fp": 4,
          "fn": 3,
          "tp": 95,
          "train_time_s": 124.2,
          "params": 453249,
          "epochs_run": 10
        },
        {
          "precision": 0.9711538461538461,
          "recall": 0.9439252336448598,
          "f1": 0.957345971563981,
          "auc": 0.9937994248741913,
          "auprc": 0.9945217822629462,
          "accuracy": 0.957345971563981,
          "tn": 101,
          "fp": 3,
          "fn": 6,
          "tp": 101,
          "train_time_s": 122.0,
          "params": 453249,
          "epochs_run": 10
        }
      ]
    },
    "Transformer": {
      "precision_mean": 0.908466374661065,
      "precision_std": 0.023194475915869022,
      "recall_mean": 0.9280030516879649,
      "recall_std": 0.007911264394973114,
      "f1_mean": 0.9180033840947547,
      "f1_std": 0.013956180731239125,
      "auc_mean": 0.9795207071943605,
      "auc_std": 0.0008714558564797089,
      "auprc_mean": 0.9798210384682823,
      "auprc_std": 0.002104903433429221,
      "accuracy_mean": 0.919431279620853,
      "accuracy_std": 0.017732973397032892,
      "train_time_s_mean": 105.76666666666665,
      "train_time_s_std": 1.0274023338281628,
      "params_mean": 358913.0,
      "params_std": 0.0,
      "epochs_run_mean": 10.0,
      "epochs_run_std": 0.0,
      "tp_mean": 94.33333333333333,
      "tp_std": 3.2998316455372216,
      "fp_mean": 9.666666666666666,
      "fp_std": 3.0912061651652345,
      "fn_mean": 7.333333333333333,
      "fn_std": 0.9428090415820634,
      "tn_mean": 99.66666666666667,
      "tn_std": 6.944222218666553,
      "runs": [
        {
          "precision": 0.92,
          "recall": 0.92,
          "f1": 0.92,
          "auc": 0.9782882882882883,
          "auprc": 0.9770590161584036,
          "accuracy": 0.9241706161137441,
          "tn": 103,
          "fp": 8,
          "fn": 8,
          "tp": 92,
          "train_time_s": 104.6,
          "params": 358913,
          "epochs_run": 10
        },
        {
          "precision": 0.9292929292929293,
          "recall": 0.9387755102040817,
          "f1": 0.934010152284264,
          "auc": 0.9801336463789054,
          "auprc": 0.9802406172200376,
          "accuracy": 0.9383886255924171,
          "tn": 106,
          "fp": 7,
          "fn": 6,
          "tp": 92,
          "train_time_s": 105.6,
          "params": 358913,
          "epochs_run": 10
        },
        {
          "precision": 0.8761061946902655,
          "recall": 0.9252336448598131,
          "f1": 0.9,
          "auc": 0.9801401869158878,
          "auprc": 0.9821634820264058,
          "accuracy": 0.8957345971563981,
          "tn": 90,
          "fp": 14,
          "fn": 8,
          "tp": 99,
          "train_time_s": 107.1,
          "params": 358913,
          "epochs_run": 10
        }
      ]
    }
  },
  "exp2_external_features": {
    "FeaturesMLP": {
      "precision_mean": 0.7997196679142985,
      "precision_std": 0.03190577194363116,
      "recall_mean": 0.6457956640600165,
      "recall_std": 0.07771739824628994,
      "f1_mean": 0.7118447193693552,
      "f1_std": 0.05277096073777446,
      "auc_mean": 0.827194444935622,
      "auc_std": 0.02541604855164314,
      "auprc_mean": 0.8567246226795517,
      "auprc_std": 0.024577076221312458,
      "accuracy_mean": 0.7503949447077409,
      "accuracy_std": 0.039145376598306046,
      "train_time_s_mean": 0.6,
      "train_time_s_std": 0.0,
      "params_mean": 4673.0,
      "params_std": 0.0,
      "epochs_run_mean": 10.0,
      "epochs_run_std": 0.0,
      "tp_mean": 65.66666666666667,
      "tp_std": 8.259674462242579,
      "fp_mean": 16.666666666666668,
      "fp_std": 4.496912521077347,
      "fn_mean": 36.0,
      "fn_std": 7.788880963698615,
      "tn_mean": 92.66666666666667,
      "tn_std": 8.259674462242579,
      "runs": [
        {
          "precision": 0.8059701492537313,
          "recall": 0.54,
          "f1": 0.6467065868263473,
          "auc": 0.8032432432432433,
          "auprc": 0.8248142909059669,
          "accuracy": 0.7203791469194313,
          "tn": 98,
          "fp": 13,
          "fn": 46,
          "tp": 54,
          "train_time_s": 0.6,
          "params": 4673,
          "epochs_run": 10
        },
        {
          "precision": 0.8352941176470589,
          "recall": 0.7244897959183674,
          "f1": 0.7759562841530054,
          "auc": 0.8623803503702364,
          "auprc": 0.8846107171956299,
          "accuracy": 0.8056872037914692,
          "tn": 99,
          "fp": 14,
          "fn": 27,
          "tp": 71,
          "train_time_s": 0.6,
          "params": 4673,
          "epochs_run": 10
        },
        {
          "precision": 0.7578947368421053,
          "recall": 0.6728971962616822,
          "f1": 0.7128712871287128,
          "auc": 0.8159597411933861,
          "auprc": 0.8607488599370585,
          "accuracy": 0.7251184834123223,
          "tn": 81,
          "fp": 23,
          "fn": 35,
          "tp": 72,
          "train_time_s": 0.6,
          "params": 4673,
          "epochs_run": 10
        }
      ]
    },